token;mint;56471
token;mint;56983
token;mint;56983
token;mint;56983
token;mint;56983
token;mint;56983
token;mint;56983
token;mint;56983
token;mint;56983
token;mint;56983
token;transfer;63589
token;mint;56983
token;transfer;63589
token;mint;56983
token;transfer;63589
token;mint;56983
token;transfer;63589
token;mint;56983
token;transfer;63589
token;mint;56983
token;transfer;63589
token;mint;56983
token;transfer;63589
token;mint;56983
token;transfer;63589
token;mint;56983
token;transfer;63589
token;mint;56983
token;transfer;63589
token;mint;56983
token;transfer;63589
token;mint;56983
token;transfer;63589
token;mint;56983
token;transfer;63589
token;mint;56983
token;transfer;63589
ppcoin;mintFor;56855
token;mint;56983
token;transfer;63589
ppcoin;mintFor;71855
token;mint;56983
token;transfer;63589
ppcoin;mintFor;71855
token;mint;56983
token;transfer;63589
ppcoin;mintFor;71855
token;mint;56919
token;transfer;63589
ppcoin;mintFor;71855
token;mint;56919
token;transfer;63589
ppcoin;mintFor;71855
token;mint;56919
token;transfer;63589
ppcoin;mintFor;71855
token;mint;56919
token;transfer;63589
ppcoin;mintFor;71855
token;mint;56983
token;transfer;63589
ppcoin;mintFor;71855
token;mint;56983
token;transfer;63589
ppcoin;mintFor;71855
token;mint;56983
token;transfer;63589
ppcoin;mintFor;71855
token;mint;56983
token;transfer;63589
ppcoin;mintFor;71855
token;mint;56471
ppcoin;mintFor;86855
token;mint;56983
token;mint;56471
ppcoin;mintFor;86855
token;mint;56983
token;transfer;63589
ppcoin;mintFor;71855
token;mint;56983
token;transfer;63589
ppcoin;mintFor;71855
token;mint;56983
token;transfer;63589
ppcoin;mintFor;71855
token;mint;56983
token;transfer;63589
ppcoin;mintFor;71855
token;mint;56983
token;transfer;63589
ppcoin;mintFor;71855
token;mint;57049
token;transfer;63633
ppcoin;mintFor;71921
token;mint;57049
token;transfer;63633
ppcoin;mintFor;71921
token;mint;57049
token;transfer;63633
ppcoin;mintFor;71921
